bank	start	end	symbol
00	051E	0563	LocalMinigameSelectionGate
00	05DA	05DF	RuntimeCallback_6
00	12BF	12CD	MBC6_MapWindowB
00	12E9	12F7	MBC6_MapWindowA
00	1359	138C	DisableFlashReads
00	14E2	14F7	MBC6_UnlockWindowB
00	164D	1662	MBC6_UnlockWindowA
00	254E	25CA	DispatchLocalMinigame
00	3CD8	3CE7	BuiltinGameWindowBSelectors
0A	4D43	4E27	BuildLocalMinigameTitleList
0B	6A93	6AC3	CatalogRecordPointer
00	3E00	3ED7	RebuildLocalMinigameList
00	38B0	391B	CheckLocalMinigameChecksum
0A	71D4	7243	LocalListTemplate
0A	4000	4029	LocalMinigameMenuEntry
00	01B6	01BB	OpenLocalStorageRecord
00	0CA5	0D4F	OpenLocalStorageRecordImpl
00	0F15	0F80	ComputeStorageRecordChecksum
00	0F81	106C	CompareStorageRecordName
00	114F	1185	GetStorageDirectoryEntry
00	3ED8	3EDB	LocalMenuStorageName
00	106D	108D	ComputeStorageDirectoryChecksum
00	2000	2011	SubtractDEFromHL
